"filename", "language", "Shell Script", "JavaScript", "JSON", "Markdown", "TypeScript React", "TypeScript", "Draw.io", "XML", "CSS", "HTML", "comment", "blank", "total"
"/Users/callum/Workplace/Otherworld/README.md", "Markdown", 0, 0, 0, 11, 0, 0, 0, 0, 0, 0, 0, 12, 23
"/Users/callum/Workplace/Otherworld/build.sh", "Shell Script", 4, 0, 0, 0, 0, 0, 0, 0, 0, 0, 13, 10, 27
"/Users/callum/Workplace/Otherworld/build_dev.sh", "Shell Script", 4, 0, 0, 0, 0, 0, 0, 0, 0, 0, 13, 9, 26
"/Users/callum/Workplace/Otherworld/jest.config.js", "JavaScript", 0, 10, 0, 0, 0, 0, 0, 0, 0, 0, 128, 55, 193
"/Users/callum/Workplace/Otherworld/package.json", "JSON", 0, 0, 95, 0, 0, 0, 0, 0, 0, 0, 0, 1, 96
"/Users/callum/Workplace/Otherworld/res/design/quests.drawio", "Draw.io", 0, 0, 0, 0, 0, 0, 109, 0, 0, 0, 0, 0, 109
"/Users/callum/Workplace/Otherworld/res/graphics/font.json", "JSON", 0, 0, 306, 0, 0, 0, 0, 0, 0, 0, 0, 1, 307
"/Users/callum/Workplace/Otherworld/res/graphics/miner.json", "JSON", 0, 0, 85, 0, 0, 0, 0, 0, 0, 0, 0, 1, 86
"/Users/callum/Workplace/Otherworld/res/graphics/npc_bulky_man_run.json", "JSON", 0, 0, 50, 0, 0, 0, 0, 0, 0, 0, 0, 1, 51
"/Users/callum/Workplace/Otherworld/res/graphics/sprite_run.json", "JSON", 0, 0, 82, 0, 0, 0, 0, 0, 0, 0, 0, 1, 83
"/Users/callum/Workplace/Otherworld/res/npm.md", "Markdown", 0, 0, 0, 6, 0, 0, 0, 0, 0, 0, 0, 5, 11
"/Users/callum/Workplace/Otherworld/res/todo.md", "Markdown", 0, 0, 0, 40, 0, 0, 0, 0, 0, 0, 6, 13, 59
"/Users/callum/Workplace/Otherworld/site/public/css/bootstrap.min.css", "CSS", 0, 0, 0, 0, 0, 0, 0, 0, 1, 0, 6, 0, 7
"/Users/callum/Workplace/Otherworld/site/public/css/codeprettify.min.css", "CSS", 0, 0, 0, 0, 0, 0, 0, 0, 72, 0, 16, 32, 120
"/Users/callum/Workplace/Otherworld/site/public/css/font/yoster-island/stylesheet.css", "CSS", 0, 0, 0, 0, 0, 0, 0, 0, 7, 0, 1, 4, 12
"/Users/callum/Workplace/Otherworld/site/public/css/styles.css", "CSS", 0, 0, 0, 0, 0, 0, 0, 0, 20, 0, 0, 3, 23
"/Users/callum/Workplace/Otherworld/site/public/doc/about.md", "Markdown", 0, 0, 0, 7, 0, 0, 0, 0, 0, 0, 0, 9, 16
"/Users/callum/Workplace/Otherworld/site/public/doc/announcements.md", "Markdown", 0, 0, 0, 1, 0, 0, 0, 0, 0, 0, 0, 4, 5
"/Users/callum/Workplace/Otherworld/site/public/doc/deepdive/attacking_equipment.md", "Markdown", 0, 0, 0, 1, 0, 0, 0, 0, 0, 0, 0, 2, 3
"/Users/callum/Workplace/Otherworld/site/public/doc/deepdive/audio_service.md", "Markdown", 0, 0, 0, 1, 0, 0, 0, 0, 0, 0, 0, 1, 2
"/Users/callum/Workplace/Otherworld/site/public/doc/deepdive/entities.md", "Markdown", 0, 0, 0, 1, 0, 0, 0, 0, 0, 0, 0, 1, 2
"/Users/callum/Workplace/Otherworld/site/public/doc/deepdive/entity_factory.md", "Markdown", 0, 0, 0, 1, 0, 0, 0, 0, 0, 0, 0, 1, 2
"/Users/callum/Workplace/Otherworld/site/public/doc/deepdive/entity_interaction.md", "Markdown", 0, 0, 0, 1, 0, 0, 0, 0, 0, 0, 0, 1, 2
"/Users/callum/Workplace/Otherworld/site/public/doc/deepdive/event_type.md", "Markdown", 0, 0, 0, 124, 0, 0, 0, 0, 0, 0, 0, 28, 152
"/Users/callum/Workplace/Otherworld/site/public/doc/deepdive/events.md", "Markdown", 0, 0, 0, 74, 0, 0, 0, 0, 0, 0, 0, 14, 88
"/Users/callum/Workplace/Otherworld/site/public/doc/deepdive/further_reading.md", "Markdown", 0, 0, 0, 1, 0, 0, 0, 0, 0, 0, 0, 1, 2
"/Users/callum/Workplace/Otherworld/site/public/doc/deepdive/game_events.md", "Markdown", 0, 0, 0, 1, 0, 0, 0, 0, 0, 0, 0, 1, 2
"/Users/callum/Workplace/Otherworld/site/public/doc/deepdive/input.md", "Markdown", 0, 0, 0, 1, 0, 0, 0, 0, 0, 0, 0, 1, 2
"/Users/callum/Workplace/Otherworld/site/public/doc/deepdive/inventory_items.md", "Markdown", 0, 0, 0, 1, 0, 0, 0, 0, 0, 0, 0, 1, 2
"/Users/callum/Workplace/Otherworld/site/public/doc/deepdive/maps.md", "Markdown", 0, 0, 0, 1, 0, 0, 0, 0, 0, 0, 0, 1, 2
"/Users/callum/Workplace/Otherworld/site/public/doc/deepdive/overview.md", "Markdown", 0, 0, 0, 2, 0, 0, 0, 0, 0, 0, 0, 3, 5
"/Users/callum/Workplace/Otherworld/site/public/doc/deepdive/particle_effects.md", "Markdown", 0, 0, 0, 1, 0, 0, 0, 0, 0, 0, 0, 1, 2
"/Users/callum/Workplace/Otherworld/site/public/doc/deepdive/physics.md", "Markdown", 0, 0, 0, 1, 0, 0, 0, 0, 0, 0, 0, 1, 2
"/Users/callum/Workplace/Otherworld/site/public/doc/deepdive/player.md", "Markdown", 0, 0, 0, 1, 0, 0, 0, 0, 0, 0, 0, 1, 2
"/Users/callum/Workplace/Otherworld/site/public/doc/deepdive/rendering.md", "Markdown", 0, 0, 0, 1, 0, 0, 0, 0, 0, 0, 0, 1, 2
"/Users/callum/Workplace/Otherworld/site/public/doc/deepdive/script_factory.md", "Markdown", 0, 0, 0, 1, 0, 0, 0, 0, 0, 0, 0, 1, 2
"/Users/callum/Workplace/Otherworld/site/public/doc/deepdive/serialisation.md", "Markdown", 0, 0, 0, 1, 0, 0, 0, 0, 0, 0, 0, 1, 2
"/Users/callum/Workplace/Otherworld/site/public/doc/deepdive/test.svg", "XML", 0, 0, 0, 0, 0, 0, 0, 3, 0, 0, 0, 0, 3
"/Users/callum/Workplace/Otherworld/site/public/doc/deepdive/ui.md", "Markdown", 0, 0, 0, 1, 0, 0, 0, 0, 0, 0, 0, 1, 2
"/Users/callum/Workplace/Otherworld/site/public/doc/deepdive_intro.md", "Markdown", 0, 0, 0, 3, 0, 0, 0, 0, 0, 0, 0, 4, 7
"/Users/callum/Workplace/Otherworld/site/public/img/out.json", "JSON", 0, 0, 660, 0, 0, 0, 0, 0, 0, 0, 0, 0, 660
"/Users/callum/Workplace/Otherworld/site/public/index.html", "HTML", 0, 0, 0, 0, 0, 0, 0, 0, 0, 26, 1, 5, 32
"/Users/callum/Workplace/Otherworld/site/public/js/main.js", "JavaScript", 0, 1890, 0, 0, 0, 0, 0, 0, 0, 0, 1529, 1135, 4554
"/Users/callum/Workplace/Otherworld/site/public/map/cellar.tmx", "XML", 0, 0, 0, 0, 0, 0, 0, 14, 0, 0, 0, 1, 15
"/Users/callum/Workplace/Otherworld/site/public/map/prison.tmx", "XML", 0, 0, 0, 0, 0, 0, 0, 174, 0, 0, 0, 1, 175
"/Users/callum/Workplace/Otherworld/site/public/map/test.tmx", "XML", 0, 0, 0, 0, 0, 0, 0, 74, 0, 0, 0, 1, 75
"/Users/callum/Workplace/Otherworld/site/public/static/js/main.js", "JavaScript", 0, 2456, 0, 0, 0, 0, 0, 0, 0, 0, 1937, 1441, 5834
"/Users/callum/Workplace/Otherworld/site/src/client/Actions.ts", "TypeScript", 0, 0, 0, 0, 0, 47, 0, 0, 0, 0, 1, 14, 62
"/Users/callum/Workplace/Otherworld/site/src/client/Config.ts", "TypeScript", 0, 0, 0, 0, 0, 19, 0, 0, 0, 0, 1, 8, 28
"/Users/callum/Workplace/Otherworld/site/src/client/Game.ts", "TypeScript", 0, 0, 0, 0, 0, 186, 0, 0, 0, 0, 3, 34, 223
"/Users/callum/Workplace/Otherworld/site/src/client/GameComponent.tsx", "TypeScript React", 0, 0, 0, 0, 65, 0, 0, 0, 0, 0, 0, 4, 69
"/Users/callum/Workplace/Otherworld/site/src/client/GameContext.tsx", "TypeScript React", 0, 0, 0, 0, 4, 0, 0, 0, 0, 0, 0, 2, 6
"/Users/callum/Workplace/Otherworld/site/src/client/Index.tsx", "TypeScript React", 0, 0, 0, 0, 17, 0, 0, 0, 0, 0, 1, 6, 24
"/Users/callum/Workplace/Otherworld/site/src/client/SiteContainer.tsx", "TypeScript React", 0, 0, 0, 0, 28, 0, 0, 0, 0, 0, 0, 4, 32
"/Users/callum/Workplace/Otherworld/site/src/client/engine/Entity.ts", "TypeScript", 0, 0, 0, 0, 0, 64, 0, 0, 0, 0, 0, 13, 77
"/Users/callum/Workplace/Otherworld/site/src/client/engine/EntityComponent.ts", "TypeScript", 0, 0, 0, 0, 0, 6, 0, 0, 0, 0, 0, 2, 8
"/Users/callum/Workplace/Otherworld/site/src/client/engine/World.ts", "TypeScript", 0, 0, 0, 0, 0, 39, 0, 0, 0, 0, 0, 10, 49
"/Users/callum/Workplace/Otherworld/site/src/client/engine/commands/Command.ts", "TypeScript", 0, 0, 0, 0, 0, 3, 0, 0, 0, 0, 0, 2, 5
"/Users/callum/Workplace/Otherworld/site/src/client/engine/commands/InventoryCommands.ts", "TypeScript", 0, 0, 0, 0, 0, 182, 0, 0, 0, 0, 8, 19, 209
"/Users/callum/Workplace/Otherworld/site/src/client/engine/commands/ItemCommands.ts", "TypeScript", 0, 0, 0, 0, 0, 48, 0, 0, 0, 0, 0, 5, 53
"/Users/callum/Workplace/Otherworld/site/src/client/engine/commands/MiniGameCommands.ts", "TypeScript", 0, 0, 0, 0, 0, 18, 0, 0, 0, 0, 0, 2, 20
"/Users/callum/Workplace/Otherworld/site/src/client/engine/commands/PlayerCommands.ts", "TypeScript", 0, 0, 0, 0, 0, 36, 0, 0, 0, 0, 0, 7, 43
"/Users/callum/Workplace/Otherworld/site/src/client/engine/commands/UICommands.ts", "TypeScript", 0, 0, 0, 0, 0, 28, 0, 0, 0, 0, 0, 4, 32
"/Users/callum/Workplace/Otherworld/site/src/client/engine/components/core/BoundaryComponent.ts", "TypeScript", 0, 0, 0, 0, 0, 53, 0, 0, 0, 0, 0, 4, 57
"/Users/callum/Workplace/Otherworld/site/src/client/engine/components/core/FloorRenderComponent.ts", "TypeScript", 0, 0, 0, 0, 0, 71, 0, 0, 0, 0, 0, 5, 76
"/Users/callum/Workplace/Otherworld/site/src/client/engine/components/core/InteractionComponent.ts", "TypeScript", 0, 0, 0, 0, 0, 130, 0, 0, 0, 0, 0, 9, 139
"/Users/callum/Workplace/Otherworld/site/src/client/engine/components/core/ParticleRenderComponent.ts", "TypeScript", 0, 0, 0, 0, 0, 53, 0, 0, 0, 0, 0, 5, 58
"/Users/callum/Workplace/Otherworld/site/src/client/engine/components/core/PhysicsComponent.ts", "TypeScript", 0, 0, 0, 0, 0, 59, 0, 0, 0, 0, 0, 7, 66
"/Users/callum/Workplace/Otherworld/site/src/client/engine/components/core/SpriteRenderComponent.ts", "TypeScript", 0, 0, 0, 0, 0, 66, 0, 0, 0, 0, 0, 5, 71
"/Users/callum/Workplace/Otherworld/site/src/client/engine/components/core/WallRenderComponent.ts", "TypeScript", 0, 0, 0, 0, 0, 113, 0, 0, 0, 0, 0, 6, 119
"/Users/callum/Workplace/Otherworld/site/src/client/engine/components/util/AnimationComponent.ts", "TypeScript", 0, 0, 0, 0, 0, 22, 0, 0, 0, 0, 0, 3, 25
"/Users/callum/Workplace/Otherworld/site/src/client/engine/components/util/JoinComponent.ts", "TypeScript", 0, 0, 0, 0, 0, 25, 0, 0, 0, 0, 0, 2, 27
"/Users/callum/Workplace/Otherworld/site/src/client/engine/components/util/SwitchComponent.ts", "TypeScript", 0, 0, 0, 0, 0, 73, 0, 0, 0, 0, 0, 11, 84
"/Users/callum/Workplace/Otherworld/site/src/client/engine/components/util/TimeoutEffect.ts", "TypeScript", 0, 0, 0, 0, 0, 27, 0, 0, 0, 0, 0, 2, 29
"/Users/callum/Workplace/Otherworld/site/src/client/engine/player/Player.ts", "TypeScript", 0, 0, 0, 0, 0, 242, 0, 0, 0, 0, 4, 36, 282
"/Users/callum/Workplace/Otherworld/site/src/client/engine/player/PlayerEquipment.ts", "TypeScript", 0, 0, 0, 0, 0, 156, 0, 0, 0, 0, 3, 23, 182
"/Users/callum/Workplace/Otherworld/site/src/client/engine/player/PlayerMovement.ts", "TypeScript", 0, 0, 0, 0, 0, 102, 0, 0, 0, 0, 4, 16, 122
"/Users/callum/Workplace/Otherworld/site/src/client/engine/scripting/ScriptingService.ts", "TypeScript", 0, 0, 0, 0, 0, 112, 0, 0, 0, 0, 7, 24, 143
"/Users/callum/Workplace/Otherworld/site/src/client/engine/scripting/TutorialService.ts", "TypeScript", 0, 0, 0, 0, 0, 157, 0, 0, 0, 0, 1, 16, 174
"/Users/callum/Workplace/Otherworld/site/src/client/engine/scripting/effects/EffectAccuracyIncrease.ts", "TypeScript", 0, 0, 0, 0, 0, 17, 0, 0, 0, 0, 0, 2, 19
"/Users/callum/Workplace/Otherworld/site/src/client/engine/scripting/effects/EffectAncientPower.ts", "TypeScript", 0, 0, 0, 0, 0, 18, 0, 0, 0, 0, 0, 2, 20
"/Users/callum/Workplace/Otherworld/site/src/client/engine/scripting/effects/EffectAttackSpeedIncrease.ts", "TypeScript", 0, 0, 0, 0, 0, 17, 0, 0, 0, 0, 0, 2, 19
"/Users/callum/Workplace/Otherworld/site/src/client/engine/scripting/effects/EffectDamagesTarget.ts", "TypeScript", 0, 0, 0, 0, 0, 41, 0, 0, 0, 0, 0, 3, 44
"/Users/callum/Workplace/Otherworld/site/src/client/engine/scripting/effects/EffectHealsPlayer.ts", "TypeScript", 0, 0, 0, 0, 0, 28, 0, 0, 0, 0, 0, 2, 30
"/Users/callum/Workplace/Otherworld/site/src/client/engine/scripting/effects/EffectProtectionIncrease.ts", "TypeScript", 0, 0, 0, 0, 0, 17, 0, 0, 0, 0, 0, 2, 19
"/Users/callum/Workplace/Otherworld/site/src/client/engine/scripting/effects/EffectSpeedIncrease.ts", "TypeScript", 0, 0, 0, 0, 0, 17, 0, 0, 0, 0, 0, 2, 19
"/Users/callum/Workplace/Otherworld/site/src/client/engine/scripting/effects/Effects.ts", "TypeScript", 0, 0, 0, 0, 0, 107, 0, 0, 0, 0, 0, 20, 127
"/Users/callum/Workplace/Otherworld/site/src/client/engine/scripting/factory/ChestFactory.ts", "TypeScript", 0, 0, 0, 0, 0, 160, 0, 0, 0, 0, 0, 7, 167
"/Users/callum/Workplace/Otherworld/site/src/client/engine/scripting/factory/DoorFactory.ts", "TypeScript", 0, 0, 0, 0, 0, 360, 0, 0, 0, 0, 2, 23, 385
"/Users/callum/Workplace/Otherworld/site/src/client/engine/scripting/factory/EntityFactory.ts", "TypeScript", 0, 0, 0, 0, 0, 66, 0, 0, 0, 0, 0, 14, 80
"/Users/callum/Workplace/Otherworld/site/src/client/engine/scripting/factory/ItemFactory.ts", "TypeScript", 0, 0, 0, 0, 0, 199, 0, 0, 0, 0, 0, 18, 217
"/Users/callum/Workplace/Otherworld/site/src/client/engine/scripting/factory/MapChangeFactory.ts", "TypeScript", 0, 0, 0, 0, 0, 55, 0, 0, 0, 0, 0, 4, 59
"/Users/callum/Workplace/Otherworld/site/src/client/engine/scripting/factory/NPCFactory.ts", "TypeScript", 0, 0, 0, 0, 0, 444, 0, 0, 0, 0, 0, 26, 470
"/Users/callum/Workplace/Otherworld/site/src/client/engine/scripting/factory/NPCTypes.ts", "TypeScript", 0, 0, 0, 0, 0, 85, 0, 0, 0, 0, 0, 6, 91
"/Users/callum/Workplace/Otherworld/site/src/client/engine/scripting/factory/PlayerFactory.ts", "TypeScript", 0, 0, 0, 0, 0, 5, 0, 0, 0, 0, 0, 2, 7
"/Users/callum/Workplace/Otherworld/site/src/client/engine/scripting/factory/SceneryFactory.ts", "TypeScript", 0, 0, 0, 0, 0, 132, 0, 0, 0, 0, 0, 8, 140
"/Users/callum/Workplace/Otherworld/site/src/client/engine/scripting/factory/ScriptFactory.ts", "TypeScript", 0, 0, 0, 0, 0, 281, 0, 0, 0, 0, 6, 18, 305
"/Users/callum/Workplace/Otherworld/site/src/client/engine/scripting/items/ItemDrops.ts", "TypeScript", 0, 0, 0, 0, 0, 7, 0, 0, 0, 0, 5, 3, 15
"/Users/callum/Workplace/Otherworld/site/src/client/engine/scripting/items/ItemTypes.ts", "TypeScript", 0, 0, 0, 0, 0, 60, 0, 0, 0, 0, 0, 15, 75
"/Users/callum/Workplace/Otherworld/site/src/client/engine/scripting/items/helper.ts", "TypeScript", 0, 0, 0, 0, 0, 23, 0, 0, 0, 0, 0, 4, 27
"/Users/callum/Workplace/Otherworld/site/src/client/engine/state/Macator.ts", "TypeScript", 0, 0, 0, 0, 0, 24, 0, 0, 0, 0, 0, 5, 29
"/Users/callum/Workplace/Otherworld/site/src/client/engine/state/State.ts", "TypeScript", 0, 0, 0, 0, 0, 47, 0, 0, 0, 0, 0, 9, 56
"/Users/callum/Workplace/Otherworld/site/src/client/generation/genetic/GeneticGenerator.ts", "TypeScript", 0, 0, 0, 0, 0, 0, 0, 0, 0, 0, 0, 1, 1
"/Users/callum/Workplace/Otherworld/site/src/client/generation/model/MapNode.ts", "TypeScript", 0, 0, 0, 0, 0, 15, 0, 0, 0, 0, 0, 5, 20
"/Users/callum/Workplace/Otherworld/site/src/client/generation/model/QuadMap.ts", "TypeScript", 0, 0, 0, 0, 0, 143, 0, 0, 0, 0, 0, 26, 169
"/Users/callum/Workplace/Otherworld/site/src/client/generation/model/__tests__/MapNode.test.ts", "TypeScript", 0, 0, 0, 0, 0, 15, 0, 0, 0, 0, 0, 4, 19
"/Users/callum/Workplace/Otherworld/site/src/client/generation/scenery/Block.ts", "TypeScript", 0, 0, 0, 0, 0, 53, 0, 0, 0, 0, 0, 1, 54
"/Users/callum/Workplace/Otherworld/site/src/client/resources/ResourceManager.ts", "TypeScript", 0, 0, 0, 0, 0, 107, 0, 0, 0, 0, 1, 11, 119
"/Users/callum/Workplace/Otherworld/site/src/client/resources/ResourceManifestBuilder.ts", "TypeScript", 0, 0, 0, 0, 0, 71, 0, 0, 0, 0, 0, 10, 81
"/Users/callum/Workplace/Otherworld/site/src/client/resources/SpriteSheet.ts", "TypeScript", 0, 0, 0, 0, 0, 153, 0, 0, 0, 0, 0, 22, 175
"/Users/callum/Workplace/Otherworld/site/src/client/resources/TextureLoader.ts", "TypeScript", 0, 0, 0, 0, 0, 71, 0, 0, 0, 0, 0, 10, 81
"/Users/callum/Workplace/Otherworld/site/src/client/resources/Types.ts", "TypeScript", 0, 0, 0, 0, 0, 65, 0, 0, 0, 0, 0, 12, 77
"/Users/callum/Workplace/Otherworld/site/src/client/resources/design/Colour.ts", "TypeScript", 0, 0, 0, 0, 0, 9, 0, 0, 0, 0, 0, 2, 11
"/Users/callum/Workplace/Otherworld/site/src/client/resources/design/Spacing.ts", "TypeScript", 0, 0, 0, 0, 0, 4, 0, 0, 0, 0, 0, 1, 5
"/Users/callum/Workplace/Otherworld/site/src/client/resources/manifests/Audios.ts", "TypeScript", 0, 0, 0, 0, 0, 74, 0, 0, 0, 0, 0, 13, 87
"/Users/callum/Workplace/Otherworld/site/src/client/resources/manifests/Items.ts", "TypeScript", 0, 0, 0, 0, 0, 193, 0, 0, 0, 0, 0, 9, 202
"/Users/callum/Workplace/Otherworld/site/src/client/resources/manifests/Maps.ts", "TypeScript", 0, 0, 0, 0, 0, 5, 0, 0, 0, 0, 0, 1, 6
"/Users/callum/Workplace/Otherworld/site/src/client/resources/manifests/Resources.ts", "TypeScript", 0, 0, 0, 0, 0, 14, 0, 0, 0, 0, 2, 4, 20
"/Users/callum/Workplace/Otherworld/site/src/client/resources/manifests/Types.ts", "TypeScript", 0, 0, 0, 0, 0, 3, 0, 0, 0, 0, 0, 1, 4
"/Users/callum/Workplace/Otherworld/site/src/client/resources/manifests/index.ts", "TypeScript", 0, 0, 0, 0, 0, 1, 0, 0, 0, 0, 0, 0, 1
"/Users/callum/Workplace/Otherworld/site/src/client/resources/maps/MapCellar.ts", "TypeScript", 0, 0, 0, 0, 0, 18, 0, 0, 0, 0, 0, 2, 20
"/Users/callum/Workplace/Otherworld/site/src/client/resources/maps/MapPrison.ts", "TypeScript", 0, 0, 0, 0, 0, 11, 0, 0, 0, 0, 8, 2, 21
"/Users/callum/Workplace/Otherworld/site/src/client/resources/maps/MapTest.ts", "TypeScript", 0, 0, 0, 0, 0, 14, 0, 0, 0, 0, 0, 2, 16
"/Users/callum/Workplace/Otherworld/site/src/client/resources/maps/MapTypes.ts", "TypeScript", 0, 0, 0, 0, 0, 13, 0, 0, 0, 0, 0, 4, 17
"/Users/callum/Workplace/Otherworld/site/src/client/services/ServiceLocator.ts", "TypeScript", 0, 0, 0, 0, 0, 77, 0, 0, 0, 0, 0, 16, 93
"/Users/callum/Workplace/Otherworld/site/src/client/services/audio/AudioObject.ts", "TypeScript", 0, 0, 0, 0, 0, 8, 0, 0, 0, 0, 0, 2, 10
"/Users/callum/Workplace/Otherworld/site/src/client/services/audio/AudioService.ts", "TypeScript", 0, 0, 0, 0, 0, 162, 0, 0, 0, 0, 1, 26, 189
"/Users/callum/Workplace/Otherworld/site/src/client/services/input/ControlScheme.ts", "TypeScript", 0, 0, 0, 0, 0, 5, 0, 0, 0, 0, 0, 1, 6
"/Users/callum/Workplace/Otherworld/site/src/client/services/input/DefaultControlScheme.ts", "TypeScript", 0, 0, 0, 0, 0, 60, 0, 0, 0, 0, 0, 12, 72
"/Users/callum/Workplace/Otherworld/site/src/client/services/input/InputService.ts", "TypeScript", 0, 0, 0, 0, 0, 59, 0, 0, 0, 0, 5, 11, 75
"/Users/callum/Workplace/Otherworld/site/src/client/services/input/InventoryControlScheme.ts", "TypeScript", 0, 0, 0, 0, 0, 13, 0, 0, 0, 0, 0, 5, 18
"/Users/callum/Workplace/Otherworld/site/src/client/services/input/MenuControlScheme.ts", "TypeScript", 0, 0, 0, 0, 0, 8, 0, 0, 0, 0, 0, 5, 13
"/Users/callum/Workplace/Otherworld/site/src/client/services/interaction/InteractionService.ts", "TypeScript", 0, 0, 0, 0, 0, 107, 0, 0, 0, 0, 0, 24, 131
"/Users/callum/Workplace/Otherworld/site/src/client/services/interaction/InteractionType.ts", "TypeScript", 0, 0, 0, 0, 0, 22, 0, 0, 0, 0, 0, 6, 28
"/Users/callum/Workplace/Otherworld/site/src/client/services/jobs/ProcedureService.ts", "TypeScript", 0, 0, 0, 0, 0, 131, 0, 0, 0, 0, 0, 25, 156
"/Users/callum/Workplace/Otherworld/site/src/client/services/map/MapLoader.ts", "TypeScript", 0, 0, 0, 0, 0, 256, 0, 0, 0, 0, 0, 13, 269
"/Users/callum/Workplace/Otherworld/site/src/client/services/map/MapService.ts", "TypeScript", 0, 0, 0, 0, 0, 107, 0, 0, 0, 0, 1, 18, 126
"/Users/callum/Workplace/Otherworld/site/src/client/services/map/TiledParser.ts", "TypeScript", 0, 0, 0, 0, 0, 191, 0, 0, 0, 0, 0, 20, 211
"/Users/callum/Workplace/Otherworld/site/src/client/services/map/TiledProperties.ts", "TypeScript", 0, 0, 0, 0, 0, 51, 0, 0, 0, 0, 0, 4, 55
"/Users/callum/Workplace/Otherworld/site/src/client/services/particle/ParticleService.ts", "TypeScript", 0, 0, 0, 0, 0, 130, 0, 0, 0, 0, 4, 24, 158
"/Users/callum/Workplace/Otherworld/site/src/client/services/particle/emitters/BurstEmitter.ts", "TypeScript", 0, 0, 0, 0, 0, 25, 0, 0, 0, 0, 0, 6, 31
"/Users/callum/Workplace/Otherworld/site/src/client/services/particle/emitters/LineEmitter.ts", "TypeScript", 0, 0, 0, 0, 0, 34, 0, 0, 0, 0, 0, 3, 37
"/Users/callum/Workplace/Otherworld/site/src/client/services/particle/emitters/SpawnEmitter.ts", "TypeScript", 0, 0, 0, 0, 0, 24, 0, 0, 0, 0, 0, 6, 30
"/Users/callum/Workplace/Otherworld/site/src/client/services/particle/particles/GravityDropParticle.ts", "TypeScript", 0, 0, 0, 0, 0, 27, 0, 0, 0, 0, 0, 2, 29
"/Users/callum/Workplace/Otherworld/site/src/client/services/particle/particles/HealthDropParticle.ts", "TypeScript", 0, 0, 0, 0, 0, 73, 0, 0, 0, 0, 0, 4, 77
"/Users/callum/Workplace/Otherworld/site/src/client/services/particle/particles/SmokeParticle.ts", "TypeScript", 0, 0, 0, 0, 0, 24, 0, 0, 0, 0, 0, 4, 28
"/Users/callum/Workplace/Otherworld/site/src/client/services/particle/particles/SparkleParticle.ts", "TypeScript", 0, 0, 0, 0, 0, 23, 0, 0, 0, 0, 0, 4, 27
"/Users/callum/Workplace/Otherworld/site/src/client/services/particle/particles/SpawnParticle.ts", "TypeScript", 0, 0, 0, 0, 0, 24, 0, 0, 0, 0, 0, 3, 27
"/Users/callum/Workplace/Otherworld/site/src/client/services/physics/PhysicsService.ts", "TypeScript", 0, 0, 0, 0, 0, 170, 0, 0, 0, 0, 2, 48, 220
"/Users/callum/Workplace/Otherworld/site/src/client/services/render/RenderService.ts", "TypeScript", 0, 0, 0, 0, 0, 143, 0, 0, 0, 0, 1, 18, 162
"/Users/callum/Workplace/Otherworld/site/src/client/services/render/components/CanvasComponent.tsx", "TypeScript React", 0, 0, 0, 0, 35, 0, 0, 0, 0, 0, 14, 8, 57
"/Users/callum/Workplace/Otherworld/site/src/client/services/render/components/ScreenBuffer.ts", "TypeScript", 0, 0, 0, 0, 0, 13, 0, 0, 0, 0, 25, 9, 47
"/Users/callum/Workplace/Otherworld/site/src/client/services/render/components/index.ts", "TypeScript", 0, 0, 0, 0, 0, 2, 0, 0, 0, 0, 0, 1, 3
"/Users/callum/Workplace/Otherworld/site/src/client/services/render/index.ts", "TypeScript", 0, 0, 0, 0, 0, 3, 0, 0, 0, 0, 0, 1, 4
"/Users/callum/Workplace/Otherworld/site/src/client/services/render/services/BackgroundRenderService.ts", "TypeScript", 0, 0, 0, 0, 0, 85, 0, 0, 0, 0, 4, 12, 101
"/Users/callum/Workplace/Otherworld/site/src/client/services/render/services/FloorRenderService.ts", "TypeScript", 0, 0, 0, 0, 0, 234, 0, 0, 0, 0, 2, 58, 294
"/Users/callum/Workplace/Otherworld/site/src/client/services/render/services/ObjectRenderService.ts", "TypeScript", 0, 0, 0, 0, 0, 168, 0, 0, 0, 0, 0, 42, 210
"/Users/callum/Workplace/Otherworld/site/src/client/services/render/services/ParticleRenderService.ts", "TypeScript", 0, 0, 0, 0, 0, 209, 0, 0, 0, 0, 3, 52, 264
"/Users/callum/Workplace/Otherworld/site/src/client/services/render/services/ScreenShakeService.ts", "TypeScript", 0, 0, 0, 0, 0, 23, 0, 0, 0, 0, 0, 8, 31
"/Users/callum/Workplace/Otherworld/site/src/client/services/render/services/SpriteRenderService.ts", "TypeScript", 0, 0, 0, 0, 0, 251, 0, 0, 0, 0, 7, 65, 323
"/Users/callum/Workplace/Otherworld/site/src/client/services/render/services/TextRenderService.ts", "TypeScript", 0, 0, 0, 0, 0, 138, 0, 0, 0, 0, 0, 27, 165
"/Users/callum/Workplace/Otherworld/site/src/client/services/render/services/WallRenderService.ts", "TypeScript", 0, 0, 0, 0, 0, 240, 0, 0, 0, 0, 2, 60, 302
"/Users/callum/Workplace/Otherworld/site/src/client/services/render/shaders/ShaderCompiler.ts", "TypeScript", 0, 0, 0, 0, 0, 34, 0, 0, 0, 0, 0, 8, 42
"/Users/callum/Workplace/Otherworld/site/src/client/services/render/shaders/Shaders.ts", "TypeScript", 0, 0, 0, 0, 0, 164, 0, 0, 0, 0, 0, 8, 172
"/Users/callum/Workplace/Otherworld/site/src/client/services/render/shaders/fragment/ColourFragment.ts", "TypeScript", 0, 0, 0, 0, 0, 13, 0, 0, 0, 0, 0, 5, 18
"/Users/callum/Workplace/Otherworld/site/src/client/services/render/shaders/fragment/Fade.ts", "TypeScript", 0, 0, 0, 0, 0, 31, 0, 0, 0, 0, 0, 10, 41
"/Users/callum/Workplace/Otherworld/site/src/client/services/render/shaders/fragment/Fragment.ts", "TypeScript", 0, 0, 0, 0, 0, 20, 0, 0, 0, 0, 0, 8, 28
"/Users/callum/Workplace/Otherworld/site/src/client/services/render/shaders/fragment/Haze.ts", "TypeScript", 0, 0, 0, 0, 0, 30, 0, 0, 0, 0, 0, 8, 38
"/Users/callum/Workplace/Otherworld/site/src/client/services/render/shaders/fragment/RepeatedFragment.ts", "TypeScript", 0, 0, 0, 0, 0, 20, 0, 0, 0, 0, 0, 7, 27
"/Users/callum/Workplace/Otherworld/site/src/client/services/render/shaders/types.ts", "TypeScript", 0, 0, 0, 0, 0, 11, 0, 0, 0, 0, 0, 3, 14
"/Users/callum/Workplace/Otherworld/site/src/client/services/render/shaders/vertex/BillboardVertex.ts", "TypeScript", 0, 0, 0, 0, 0, 38, 0, 0, 0, 0, 0, 8, 46
"/Users/callum/Workplace/Otherworld/site/src/client/services/render/shaders/vertex/ColourVertex.ts", "TypeScript", 0, 0, 0, 0, 0, 25, 0, 0, 0, 0, 0, 8, 33
"/Users/callum/Workplace/Otherworld/site/src/client/services/render/shaders/vertex/ParticleVertex.ts", "TypeScript", 0, 0, 0, 0, 0, 33, 0, 0, 0, 0, 0, 8, 41
"/Users/callum/Workplace/Otherworld/site/src/client/services/render/shaders/vertex/RepeatedVertex.ts", "TypeScript", 0, 0, 0, 0, 0, 33, 0, 0, 0, 0, 0, 8, 41
"/Users/callum/Workplace/Otherworld/site/src/client/services/render/shaders/vertex/Vertex.ts", "TypeScript", 0, 0, 0, 0, 0, 23, 0, 0, 0, 0, 0, 9, 32
"/Users/callum/Workplace/Otherworld/site/src/client/services/render/types/RenderInterface.ts", "TypeScript", 0, 0, 0, 0, 0, 54, 0, 0, 0, 0, 0, 16, 70
"/Users/callum/Workplace/Otherworld/site/src/client/services/render/types/RenderItemInterface.ts", "TypeScript", 0, 0, 0, 0, 0, 9, 0, 0, 0, 0, 0, 3, 12
"/Users/callum/Workplace/Otherworld/site/src/client/services/render/util/ReferenceMap.ts", "TypeScript", 0, 0, 0, 0, 0, 26, 0, 0, 0, 0, 0, 10, 36
"/Users/callum/Workplace/Otherworld/site/src/client/services/render/util/Voxel3D.ts", "TypeScript", 0, 0, 0, 0, 0, 87, 0, 0, 0, 0, 6, 22, 115
"/Users/callum/Workplace/Otherworld/site/src/client/services/render/util/VoxelGroup3D.ts", "TypeScript", 0, 0, 0, 0, 0, 116, 0, 0, 0, 0, 0, 24, 140
"/Users/callum/Workplace/Otherworld/site/src/client/services/render/util/VoxelGroupGenerator.ts", "TypeScript", 0, 0, 0, 0, 0, 43, 0, 0, 0, 0, 0, 11, 54
"/Users/callum/Workplace/Otherworld/site/src/client/services/serialisation/Listeners.ts", "TypeScript", 0, 0, 0, 0, 0, 17, 0, 0, 0, 0, 0, 3, 20
"/Users/callum/Workplace/Otherworld/site/src/client/services/serialisation/Serialisable.ts", "TypeScript", 0, 0, 0, 0, 0, 4, 0, 0, 0, 0, 0, 1, 5
"/Users/callum/Workplace/Otherworld/site/src/client/services/serialisation/SerialisationService.ts", "TypeScript", 0, 0, 0, 0, 0, 128, 0, 0, 0, 0, 0, 15, 143
"/Users/callum/Workplace/Otherworld/site/src/client/services/serialisation/Storage.ts", "TypeScript", 0, 0, 0, 0, 0, 18, 0, 0, 0, 0, 0, 6, 24
"/Users/callum/Workplace/Otherworld/site/src/client/types/TypesRender.ts", "TypeScript", 0, 0, 0, 0, 0, 10, 0, 0, 0, 0, 0, 2, 12
"/Users/callum/Workplace/Otherworld/site/src/client/types/TypesVector.ts", "TypeScript", 0, 0, 0, 0, 0, 4, 0, 0, 0, 0, 0, 1, 5
"/Users/callum/Workplace/Otherworld/site/src/client/types/index.ts", "TypeScript", 0, 0, 0, 0, 0, 2, 0, 0, 0, 0, 0, 1, 3
"/Users/callum/Workplace/Otherworld/site/src/client/ui/State.ts", "TypeScript", 0, 0, 0, 0, 0, 31, 0, 0, 0, 0, 0, 4, 35
"/Users/callum/Workplace/Otherworld/site/src/client/ui/UIContainer.tsx", "TypeScript React", 0, 0, 0, 0, 32, 0, 0, 0, 0, 0, 0, 4, 36
"/Users/callum/Workplace/Otherworld/site/src/client/ui/components/AnimationImageComponent.tsx", "TypeScript React", 0, 0, 0, 0, 28, 0, 0, 0, 0, 0, 0, 3, 31
"/Users/callum/Workplace/Otherworld/site/src/client/ui/components/EffectComponent.tsx", "TypeScript React", 0, 0, 0, 0, 87, 0, 0, 0, 0, 0, 0, 4, 91
"/Users/callum/Workplace/Otherworld/site/src/client/ui/components/FadeComponent.tsx", "TypeScript React", 0, 0, 0, 0, 76, 0, 0, 0, 0, 0, 0, 10, 86
"/Users/callum/Workplace/Otherworld/site/src/client/ui/components/HealthBarComponent.tsx", "TypeScript React", 0, 0, 0, 0, 89, 0, 0, 0, 0, 0, 0, 11, 100
"/Users/callum/Workplace/Otherworld/site/src/client/ui/components/InventoryItemComponent.tsx", "TypeScript React", 0, 0, 0, 0, 75, 0, 0, 0, 0, 0, 1, 9, 85
"/Users/callum/Workplace/Otherworld/site/src/client/ui/components/ItemCollectionComponent.tsx", "TypeScript React", 0, 0, 0, 0, 124, 0, 0, 0, 0, 0, 1, 10, 135
"/Users/callum/Workplace/Otherworld/site/src/client/ui/components/KeyComponent.tsx", "TypeScript React", 0, 0, 0, 0, 54, 0, 0, 0, 0, 0, 10, 5, 69
"/Users/callum/Workplace/Otherworld/site/src/client/ui/components/KeyHintComponent.tsx", "TypeScript React", 0, 0, 0, 0, 57, 0, 0, 0, 0, 0, 1, 5, 63
"/Users/callum/Workplace/Otherworld/site/src/client/ui/components/LockButtonComponent.tsx", "TypeScript React", 0, 0, 0, 0, 70, 0, 0, 0, 0, 0, 2, 6, 78
"/Users/callum/Workplace/Otherworld/site/src/client/ui/components/LockMatrixComponent.tsx", "TypeScript React", 0, 0, 0, 0, 67, 0, 0, 0, 0, 0, 0, 7, 74
"/Users/callum/Workplace/Otherworld/site/src/client/ui/components/ShadowComponent.tsx", "TypeScript React", 0, 0, 0, 0, 16, 0, 0, 0, 0, 0, 0, 5, 21
"/Users/callum/Workplace/Otherworld/site/src/client/ui/components/SpriteImageComponent.tsx", "TypeScript React", 0, 0, 0, 0, 29, 0, 0, 0, 0, 0, 0, 3, 32
"/Users/callum/Workplace/Otherworld/site/src/client/ui/components/TextComponent.tsx", "TypeScript React", 0, 0, 0, 0, 82, 0, 0, 0, 0, 0, 0, 15, 97
"/Users/callum/Workplace/Otherworld/site/src/client/ui/components/TooltipComponent.tsx", "TypeScript React", 0, 0, 0, 0, 241, 0, 0, 0, 0, 0, 1, 21, 263
"/Users/callum/Workplace/Otherworld/site/src/client/ui/components/ViewportComponent.tsx", "TypeScript React", 0, 0, 0, 0, 29, 0, 0, 0, 0, 0, 0, 3, 32
"/Users/callum/Workplace/Otherworld/site/src/client/ui/components/WeaponComponent.tsx", "TypeScript React", 0, 0, 0, 0, 70, 0, 0, 0, 0, 0, 21, 12, 103
"/Users/callum/Workplace/Otherworld/site/src/client/ui/containers/FadeGroupContainer.tsx", "TypeScript React", 0, 0, 0, 0, 56, 0, 0, 0, 0, 0, 14, 20, 90
"/Users/callum/Workplace/Otherworld/site/src/client/ui/containers/GameButtonContainer.tsx", "TypeScript React", 0, 0, 0, 0, 59, 0, 0, 0, 0, 0, 0, 7, 66
"/Users/callum/Workplace/Otherworld/site/src/client/ui/containers/GameFadeContainer.tsx", "TypeScript React", 0, 0, 0, 0, 35, 0, 0, 0, 0, 0, 0, 3, 38
"/Users/callum/Workplace/Otherworld/site/src/client/ui/containers/GameMenuContainer.tsx", "TypeScript React", 0, 0, 0, 0, 276, 0, 0, 0, 0, 0, 0, 16, 292
"/Users/callum/Workplace/Otherworld/site/src/client/ui/containers/InventoryContainer.tsx", "TypeScript React", 0, 0, 0, 0, 466, 0, 0, 0, 0, 0, 1, 32, 499
"/Users/callum/Workplace/Otherworld/site/src/client/ui/containers/ItemCollectionContainer.tsx", "TypeScript React", 0, 0, 0, 0, 96, 0, 0, 0, 0, 0, 0, 9, 105
"/Users/callum/Workplace/Otherworld/site/src/client/ui/containers/KeyHintsContainer.tsx", "TypeScript React", 0, 0, 0, 0, 88, 0, 0, 0, 0, 0, 1, 11, 100
"/Users/callum/Workplace/Otherworld/site/src/client/ui/containers/LoadingScreenContainer.tsx", "TypeScript React", 0, 0, 0, 0, 60, 0, 0, 0, 0, 0, 0, 8, 68
"/Users/callum/Workplace/Otherworld/site/src/client/ui/containers/PlayModeContainer.tsx", "TypeScript React", 0, 0, 0, 0, 30, 0, 0, 0, 0, 0, 0, 5, 35
"/Users/callum/Workplace/Otherworld/site/src/client/ui/containers/ScoreContainer.tsx", "TypeScript React", 0, 0, 0, 0, 55, 0, 0, 0, 0, 0, 0, 4, 59
"/Users/callum/Workplace/Otherworld/site/src/client/ui/containers/minigame/LockPickContainer.tsx", "TypeScript React", 0, 0, 0, 0, 96, 0, 0, 0, 0, 0, 0, 9, 105
"/Users/callum/Workplace/Otherworld/site/src/client/ui/containers/minigame/MiniGameContainer.tsx", "TypeScript React", 0, 0, 0, 0, 79, 0, 0, 0, 0, 0, 1, 6, 86
"/Users/callum/Workplace/Otherworld/site/src/client/ui/effects/GameEffect.ts", "TypeScript", 0, 0, 0, 0, 0, 8, 0, 0, 0, 0, 0, 3, 11
"/Users/callum/Workplace/Otherworld/site/src/client/ui/effects/GlobalState.ts", "TypeScript", 0, 0, 0, 0, 0, 18, 0, 0, 0, 0, 0, 3, 21
"/Users/callum/Workplace/Otherworld/site/src/client/ui/reducers/GameStartReducer.ts", "TypeScript", 0, 0, 0, 0, 0, 68, 0, 0, 0, 0, 0, 4, 72
"/Users/callum/Workplace/Otherworld/site/src/client/ui/reducers/InventoryReducer.ts", "TypeScript", 0, 0, 0, 0, 0, 18, 0, 0, 0, 0, 0, 3, 21
"/Users/callum/Workplace/Otherworld/site/src/client/ui/reducers/KeyHintReducer.ts", "TypeScript", 0, 0, 0, 0, 0, 34, 0, 0, 0, 0, 0, 4, 38
"/Users/callum/Workplace/Otherworld/site/src/client/ui/reducers/MiniGameReducer.ts", "TypeScript", 0, 0, 0, 0, 0, 31, 0, 0, 0, 0, 0, 3, 34
"/Users/callum/Workplace/Otherworld/site/src/client/ui/reducers/PlayerReducer.ts", "TypeScript", 0, 0, 0, 0, 0, 15, 0, 0, 0, 0, 0, 5, 20
"/Users/callum/Workplace/Otherworld/site/src/client/ui/reducers/UIReducer.ts", "TypeScript", 0, 0, 0, 0, 0, 13, 0, 0, 0, 0, 0, 3, 16
"/Users/callum/Workplace/Otherworld/site/src/client/uisite/NavbarContainer.tsx", "TypeScript React", 0, 0, 0, 0, 111, 0, 0, 0, 0, 0, 6, 11, 128
"/Users/callum/Workplace/Otherworld/site/src/client/uisite/PageAbout.tsx", "TypeScript React", 0, 0, 0, 0, 10, 0, 0, 0, 0, 0, 0, 2, 12
"/Users/callum/Workplace/Otherworld/site/src/client/uisite/PageAnnouncements.tsx", "TypeScript React", 0, 0, 0, 0, 13, 0, 0, 0, 0, 0, 0, 2, 15
"/Users/callum/Workplace/Otherworld/site/src/client/uisite/PageDeepDive.tsx", "TypeScript React", 0, 0, 0, 0, 59, 0, 0, 0, 0, 0, 0, 5, 64
"/Users/callum/Workplace/Otherworld/site/src/client/uisite/PageGuide.tsx", "TypeScript React", 0, 0, 0, 0, 10, 0, 0, 0, 0, 0, 0, 2, 12
"/Users/callum/Workplace/Otherworld/site/src/client/uisite/WebContentContainer.tsx", "TypeScript React", 0, 0, 0, 0, 45, 0, 0, 0, 0, 0, 0, 5, 50
"/Users/callum/Workplace/Otherworld/site/src/client/uisite/__tests__/WebContentContainer.test.tsx", "TypeScript React", 0, 0, 0, 0, 23, 0, 0, 0, 0, 0, 0, 4, 27
"/Users/callum/Workplace/Otherworld/site/src/client/uisite/components/AsyncMarkdownRenderers.tsx", "TypeScript React", 0, 0, 0, 0, 26, 0, 0, 0, 0, 0, 0, 7, 33
"/Users/callum/Workplace/Otherworld/site/src/client/uisite/components/AysncMarkdown.tsx", "TypeScript React", 0, 0, 0, 0, 28, 0, 0, 0, 0, 0, 0, 3, 31
"/Users/callum/Workplace/Otherworld/site/src/client/uisite/components/Dropdown.tsx", "TypeScript React", 0, 0, 0, 0, 37, 0, 0, 0, 0, 0, 0, 5, 42
"/Users/callum/Workplace/Otherworld/site/src/client/util/animation/AnimationIntervalDriver.ts", "TypeScript", 0, 0, 0, 0, 0, 22, 0, 0, 0, 0, 0, 5, 27
"/Users/callum/Workplace/Otherworld/site/src/client/util/animation/Animations.ts", "TypeScript", 0, 0, 0, 0, 0, 47, 0, 0, 0, 0, 1, 10, 58
"/Users/callum/Workplace/Otherworld/site/src/client/util/animation/CompositeAnimation.ts", "TypeScript", 0, 0, 0, 0, 0, 112, 0, 0, 0, 0, 0, 18, 130
"/Users/callum/Workplace/Otherworld/site/src/client/util/animation/GameAnimation.ts", "TypeScript", 0, 0, 0, 0, 0, 96, 0, 0, 0, 0, 0, 19, 115
"/Users/callum/Workplace/Otherworld/site/src/client/util/array/ConsistentArray.ts", "TypeScript", 0, 0, 0, 0, 0, 42, 0, 0, 0, 0, 0, 9, 51
"/Users/callum/Workplace/Otherworld/site/src/client/util/array/SyncedArray.ts", "TypeScript", 0, 0, 0, 0, 0, 88, 0, 0, 0, 0, 0, 15, 103
"/Users/callum/Workplace/Otherworld/site/src/client/util/array/index.ts", "TypeScript", 0, 0, 0, 0, 0, 0, 0, 0, 0, 0, 0, 1, 1
"/Users/callum/Workplace/Otherworld/site/src/client/util/index.ts", "TypeScript", 0, 0, 0, 0, 0, 0, 0, 0, 0, 0, 0, 1, 1
"/Users/callum/Workplace/Otherworld/site/src/client/util/math/Basic.ts", "TypeScript", 0, 0, 0, 0, 0, 98, 0, 0, 0, 0, 0, 13, 111
"/Users/callum/Workplace/Otherworld/site/src/client/util/math/Random.ts", "TypeScript", 0, 0, 0, 0, 0, 20, 0, 0, 0, 0, 0, 5, 25
"/Users/callum/Workplace/Otherworld/site/src/client/util/math/Sorting.ts", "TypeScript", 0, 0, 0, 0, 0, 22, 0, 0, 0, 0, 1, 2, 25
"/Users/callum/Workplace/Otherworld/site/src/client/util/math/UI.ts", "TypeScript", 0, 0, 0, 0, 0, 54, 0, 0, 0, 0, 0, 12, 66
"/Users/callum/Workplace/Otherworld/site/src/client/util/math/Vector.ts", "TypeScript", 0, 0, 0, 0, 0, 97, 0, 0, 0, 0, 0, 19, 116
"/Users/callum/Workplace/Otherworld/site/src/client/util/math/__tests__/Basic.test.ts", "TypeScript", 0, 0, 0, 0, 0, 26, 0, 0, 0, 0, 0, 5, 31
"/Users/callum/Workplace/Otherworld/site/src/client/util/math/__tests__/UI.test.ts", "TypeScript", 0, 0, 0, 0, 0, 13, 0, 0, 0, 0, 0, 2, 15
"/Users/callum/Workplace/Otherworld/site/src/client/util/math/index.ts", "TypeScript", 0, 0, 0, 0, 0, 4, 0, 0, 0, 0, 0, 1, 5
"/Users/callum/Workplace/Otherworld/site/src/client/util/time/ActionDelay.ts", "TypeScript", 0, 0, 0, 0, 0, 23, 0, 0, 0, 0, 0, 6, 29
"/Users/callum/Workplace/Otherworld/site/src/client/util/time/GlobalFPSController.ts", "TypeScript", 0, 0, 0, 0, 0, 37, 0, 0, 0, 0, 0, 10, 47
"/Users/callum/Workplace/Otherworld/site/src/client/util/time/Switch.ts", "TypeScript", 0, 0, 0, 0, 0, 25, 0, 0, 0, 0, 0, 5, 30
"/Users/callum/Workplace/Otherworld/site/src/client/util/time/Throttle.ts", "TypeScript", 0, 0, 0, 0, 0, 23, 0, 0, 0, 0, 0, 4, 27
"/Users/callum/Workplace/Otherworld/site/src/client/util/time/TimeControlledLoop.ts", "TypeScript", 0, 0, 0, 0, 0, 57, 0, 0, 0, 0, 1, 10, 68
"/Users/callum/Workplace/Otherworld/site/src/scripts/CompileArt.js", "JavaScript", 0, 206, 0, 0, 0, 0, 0, 0, 0, 0, 1, 42, 249
"/Users/callum/Workplace/Otherworld/site/src/scripts/ConvertAudio.js", "JavaScript", 0, 14, 0, 0, 0, 0, 0, 0, 0, 0, 0, 7, 21
"/Users/callum/Workplace/Otherworld/site/src/server/Generator.tsx", "TypeScript React", 0, 0, 0, 0, 48, 0, 0, 0, 0, 0, 2, 10, 60
"/Users/callum/Workplace/Otherworld/site/src/server/Run.tsx", "TypeScript React", 0, 0, 0, 0, 23, 0, 0, 0, 0, 0, 8, 9, 40
"/Users/callum/Workplace/Otherworld/site/src/server/errors/HttpException.tsx", "TypeScript React", 0, 0, 0, 0, 10, 0, 0, 0, 0, 0, 0, 2, 12
"/Users/callum/Workplace/Otherworld/site/src/setupTests.js", "JavaScript", 0, 3, 0, 0, 0, 0, 0, 0, 0, 0, 1, 2, 6
"/Users/callum/Workplace/Otherworld/tsconfig.json", "JSON", 0, 0, 19, 0, 0, 0, 0, 0, 0, 0, 0, 0, 19
"/Users/callum/Workplace/Otherworld/tslint.json", "JSON", 0, 0, 17, 0, 0, 0, 0, 0, 0, 0, 0, 0, 17
"/Users/callum/Workplace/Otherworld/webpack.config.js", "JavaScript", 0, 8, 0, 0, 0, 0, 0, 0, 0, 0, 0, 2, 10
"/Users/callum/Workplace/Otherworld/webpackprod.config.js", "JavaScript", 0, 8, 0, 0, 0, 0, 0, 0, 0, 0, 0, 2, 10
"Total", "-", 8, 4595, 1314, 285, 3214, 10854, 109, 265, 100, 26, 3859, 4917, 29546